AAL,"American Airlines Group, Inc.",Transportation
AAME,Atlantic American Corporation,Finance
AAWW,Atlas Air Worldwide Holdings,Transportation
ABCB,Ameris Bancorp,Finance
ABEO,Abeona Therapeutics Inc.,Health Care
ABEOW,Abeona Therapeutics Inc.,Health Care
ABIO,"ARCA biopharma, Inc.",Health Care
ABMD,"ABIOMED, Inc.",Health Care
ABTX,"Allegiance Bancshares, Inc.",Finance
ABUS,Arbutus Biopharma Corporation,Health Care
ACAD,ACADIA Pharmaceuticals Inc.,Health Care
ACBI,"Atlantic Capital Bancshares, Inc.",Finance
ACER,Acer Therapeutics Inc.,Health Care
ACET,Aceto Corporation,Health Care
ACGL,Arch Capital Group Ltd.,Finance
ACGLO,Arch Capital Group Ltd.,Finance
ACGLP,Arch Capital Group Ltd.,Finance
ACHC,"Acadia Healthcare Company, Inc.",Health Care
ACHN,"Achillion Pharmaceuticals, Inc.",Health Care
ACHV,"Achieve Life Sciences, Inc. ",Health Care
ACIU,AC Immune SA,Health Care
ACNB,ACNB Corporation,Finance
ACOR,"Acorda Therapeutics, Inc.",Health Care
ACRS,"Aclaris Therapeutics, Inc.",Health Care
ACRX,"AcelRx Pharmaceuticals, Inc.",Health Care
ACST,"Acasti Pharma, Inc.",Health Care
ADAP,Adaptimmune Therapeutics plc,Health Care
ADIL,"Adial Pharmaceuticals, Inc",Health Care
ADILW,"Adial Pharmaceuticals, Inc",Health Care
ADMA,ADMA Biologics Inc,Health Care
ADMP,Adamis Pharmaceuticals Corporation,Health Care
ADMS,"Adamas Pharmaceuticals, Inc.",Health Care
ADRO,"Aduro Biotech, Inc.",Health Care
ADUS,Addus HomeCare Corporation,Health Care
ADVM,"Adverum Biotechnologies, Inc.",Health Care
ADXS,"Advaxis, Inc.",Health Care
ADXSW,"Advaxis, Inc.",Health Care
AERI,"Aerie Pharmaceuticals, Inc.",Health Care
AETI,"American Electric Technologies, Inc.",Energy
AEZS,AEterna Zentaris Inc.,Health Care
AFH,"Atlas Financial Holdings, Inc.",Finance
AFHBL,"Atlas Financial Holdings, Inc.",Finance
AFMD,Affimed N.V.,Health Care
AFSI,"AmTrust Financial Services, Inc.",Finance
AGEN,Agenus Inc.,Health Care
AGFS,"AgroFresh Solutions, Inc.",Finance
AGFSW,"AgroFresh Solutions, Inc.",Finance
AGIO,"Agios Pharmaceuticals, Inc.",Health Care
AGLE,"Aeglea BioTherapeutics, Inc.",Health Care
AGRX,"Agile Therapeutics, Inc.",Health Care
AGTC,Applied Genetic Technologies Corporation,Health Care
AHPA,Avista Healthcare Public Acquisition Corp.,Health Care
AHPAU,Avista Healthcare Public Acquisition Corp.,Health Care
AHPAW,Avista Healthcare Public Acquisition Corp.,Health Care
AHPI,"Allied Healthcare Products, Inc.",Health Care
AIHS,Senmiao Technology Limited,Finance
AIMT,"Aimmune Therapeutics, Inc.",Health Care
AIPT,Precision Therapeutics Inc.,Health Care
AIRT,"Air T, Inc.",Transportation
AKAO,"Achaogen, Inc.",Health Care
AKBA,"Akebia Therapeutics, Inc.",Health Care
AKCA,"Akcea Therapeutics, Inc.",Health Care
AKER,Akers Biosciences Inc,Health Care
AKRX,"Akorn, Inc.",Health Care
AKTX,Akari Therapeutics Plc,Health Care
ALBO,"Albireo Pharma, Inc.",Health Care
ALDR,"Alder BioPharmaceuticals, Inc.",Health Care
ALDX,"Aldeyra Therapeutics, Inc.",Health Care
ALGN,"Align Technology, Inc.",Health Care
ALGRU,Allegro Merger Corp.,Finance
ALGT,Allegiant Travel Company,Transportation
ALIM,"Alimera Sciences, Inc.",Health Care
ALKS,Alkermes plc,Health Care
ALLK,Allakos Inc.,Health Care
ALNA,"Allena Pharmaceuticals, Inc.",Health Care
ALNY,"Alnylam Pharmaceuticals, Inc.",Health Care
ALPN,"Alpine Immune Sciences, Inc.",Health Care
ALQA,"Alliqua BioMedical, Inc.",Health Care
ALRN,"Aileron Therapeutics, Inc.",Health Care
ALT,"Altimmune, Inc.",Health Care
ALXN,"Alexion Pharmaceuticals, Inc.",Health Care
AMAG,"AMAG Pharmaceuticals, Inc.",Health Care
AMBC,"Ambac Financial Group, Inc.",Finance
AMBCW,"Ambac Financial Group, Inc.",Finance
AMDA,Amedica Corporation,Health Care
AMED,Amedisys Inc,Health Care
AMGN,Amgen Inc.,Health Care
AMNB,"American National Bankshares, Inc.",Finance
AMPH,"Amphastar Pharmaceuticals, Inc.",Health Care
AMR,"Alta Mesa Resources, Inc.",Energy
AMRB,American River Bankshares,Finance
AMRN,Amarin Corporation plc,Health Care
AMRWW,"Alta Mesa Resources, Inc.",Energy
AMSF,"AMERISAFE, Inc.",Finance
AMTD,TD Ameritrade Holding Corporation,Finance
ANAB,"AnaptysBio, Inc.",Health Care
ANAT,American National Insurance Company,Finance
ANCB,Anchor Bancorp,Finance
ANCX,Access National Corporation,Finance
ANGO,"AngioDynamics, Inc.",Health Care
ANIK,Anika Therapeutics Inc.,Health Care
ANIP,"ANI Pharmaceuticals, Inc.",Health Care
APEN,"Apollo Endosurgery, Inc.",Health Care
APLS,"Apellis Pharmaceuticals, Inc.",Health Care
APRI,"Apricus Biosciences, Inc.",Health Care
APTO,"Aptose Biosciences, Inc.",Health Care
APTX,Aptinyx Inc.,Health Care
APVO,Aptevo Therapeutics Inc.,Health Care
AQST,"Aquestive Therapeutics, Inc.",Health Care
AQXP,"Aquinox Pharmaceuticals, Inc.",Health Care
ARAY,Accuray Incorporated,Health Care
ARCB,ArcBest Corporation,Transportation
ARDM,Aradigm Corporation,Health Care
ARDX,"Ardelyx, Inc.",Health Care
AREX,Approach Resources Inc.,Energy
ARGX,argenx SE,Health Care
ARLP,"Alliance Resource Partners, L.P.",Energy
ARLZ,Aralez Pharmaceuticals Inc.,Health Care
ARNA,"Arena Pharmaceuticals, Inc.",Health Care
AROW,Arrow Financial Corporation,Finance
ARPO,"Aerpio Pharmaceuticals, Inc.",Health Care
ARQL,"ArQule, Inc.",Health Care
ARRY,Array BioPharma Inc.,Health Care
ARWR,"Arrowhead Pharmaceuticals, Inc.",Health Care
ASFI,"Asta Funding, Inc.",Finance
ASLN,ASLAN Pharmaceuticals Limited,Health Care
ASMB,"Assembly Biosciences, Inc.",Health Care
ASND,Ascendis Pharma A/S,Health Care
ASNS,"Arsanis, Inc.",Health Care
ASRV,AmeriServ Financial Inc.,Finance
ASRVP,AmeriServ Financial Inc.,Finance
ATAX,"America First Multifamily Investors, L.P.",Finance
ATEC,"Alphatec Holdings, Inc.",Health Care
ATHX,"Athersys, Inc.",Health Care
ATLC,Atlanticus Holdings Corporation,Finance
ATLO,Ames National Corporation,Finance
ATNX,"Athenex, Inc.",Health Care
ATOS,Atossa Genetics Inc.,Health Care
ATRA,"Atara Biotherapeutics, Inc.",Health Care
ATRC,"AtriCure, Inc.",Health Care
ATRI,Atrion Corporation,Health Care
ATRS,"Antares Pharma, Inc.",Health Care
ATSG,"Air Transport Services Group, Inc",Transportation
ATXI,"Avenue Therapeutics, Inc.",Health Care
AUBN,"Auburn National Bancorporation, Inc.",Finance
AUPH,Aurinia Pharmaceuticals Inc,Health Care
AUTL,Autolus Therapeutics plc,Health Care
AVDL,Avadel Pharmaceuticals plc,Health Care
AVEO,"AVEO Pharmaceuticals, Inc.",Health Care
AVGR,"Avinger, Inc.",Health Care
AVRO,"AVROBIO, Inc.",Health Care
AVXL,Anavex Life Sciences Corp.,Health Care
AXAS,Abraxas Petroleum Corporation,Energy
AXGN,"AxoGen, Inc.",Health Care
AXON          ,Axovant Sciences Ltd.,Health Care
AXSM,"Axsome Therapeutics, Inc.",Health Care
AYTU,"Aytu BioScience, Inc.",Health Care
AZRX,"AzurRx BioPharma, Inc.",Health Care
BABY,Natus Medical Incorporated,Health Care
BANF,BancFirst Corporation,Finance
BANFP,BancFirst Corporation,Finance
BANR,Banner Corporation,Finance
BASI,"Bioanalytical Systems, Inc.",Health Care
BCAC,Bison Capital Acquisition Corp.,Finance
BCACR,Bison Capital Acquisition Corp.,Finance
BCACU,Bison Capital Acquisition Corp.,Finance
BCACW,Bison Capital Acquisition Corp.,Finance
BCBP,"BCB Bancorp, Inc. (NJ)",Finance
BCLI,Brainstorm Cell Therapeutics Inc.,Health Care
BCML,BayCom Corp,Finance
BCOR,"Blucora, Inc.",Finance
BCRX,"BioCryst Pharmaceuticals, Inc.",Health Care
BCTF,"Bancorp 34, Inc.",Finance
BDGE,"Bridge Bancorp, Inc.",Finance
BDSI,"BioDelivery Sciences International, Inc.",Health Care
BEAT,"BioTelemetry, Inc.",Health Care
BFIN,BankFinancial Corporation,Finance
BFRA,Biofrontera AG,Health Care
BFST,"Business First Bancshares, Inc.",Finance
BGCP,"BGC Partners, Inc.",Finance
BGNE,"BeiGene, Ltd.",Health Care
BHAC,Barington/Hilco Acquisition Corp.,Finance
BHACR,Barington/Hilco Acquisition Corp.,Finance
BHACU,Barington/Hilco Acquisition Corp.,Finance
BHACW,Barington/Hilco Acquisition Corp.,Finance
BHBK,"Blue Hills Bancorp, Inc.",Finance
BHF,"Brighthouse Financial, Inc.",Finance
BIIB,Biogen Inc.,Health Care
BIOC,"Biocept, Inc.",Health Care
BIOL,"Biolase, Inc.",Health Care
BIOS,"BioScrip, Inc.",Health Care
BKEP,"Blueknight Energy Partners L.P., L.L.C.",Energy
BKEPP,"Blueknight Energy Partners L.P., L.L.C.",Energy
BKSC,Bank of South Carolina Corp.,Finance
BLCM,"Bellicum Pharmaceuticals, Inc.",Health Care
BLDP,"Ballard Power Systems, Inc.",Energy
BLFS,"BioLife Solutions, Inc.",Health Care
BLMT,"BSB Bancorp, Inc.",Finance
BLPH,"Bellerophon Therapeutics, Inc.",Health Care
BLRX,BioLineRx Ltd.,Health Care
BLUE,"bluebird bio, Inc.",Health Care
BMLP,Bank Of Montreal,Finance
BMRA,"Biomerica, Inc.",Health Care
BMRC,Bank of Marin Bancorp,Finance
BMRN,BioMarin Pharmaceutical Inc.,Health Care
BMTC,Bryn Mawr Bank Corporation,Finance
BNCL,"Beneficial Bancorp, Inc.",Finance
BNTC,Benitec Biopharma Limited,Health Care
BNTCW,Benitec Biopharma Limited,Health Care
BOCH,Bank of Commerce Holdings (CA),Finance
BOFI,"BofI Holding, Inc.",Finance
BOFIL,"BofI Holding, Inc.",Finance
BOKF,BOK Financial Corporation,Finance
BOKFL,BOK Financial Corporation,Finance
BOLD,"Audentes Therapeutics, Inc.",Health Care
BOMN,Boston Omaha Corporation,Finance
BOTJ,"Bank of the James Financial Group, Inc.",Finance
BPFH,"Boston Private Financial Holdings, Inc.",Finance
BPFHW,"Boston Private Financial Holdings, Inc.",Finance
BPMC,Blueprint Medicines Corporation,Health Care
BPOP,"Popular, Inc.",Finance
BPOPM,"Popular, Inc.",Finance
BPOPN,"Popular, Inc.",Finance
BPTH,"Bio-Path Holdings, Inc.",Health Care
BPY,Brookfield Property Partners L.P.,Finance
BRAC,Black Ridge Acquisition Corp.,Finance
BRACR,Black Ridge Acquisition Corp.,Finance
BRACU,Black Ridge Acquisition Corp.,Finance
BRACW,Black Ridge Acquisition Corp.,Finance
BRKL,"Brookline Bancorp, Inc.",Finance
BRPA,Big Rock Partners Acquisition Corp.,Finance
BRPAR,Big Rock Partners Acquisition Corp.,Finance
BRPAU,Big Rock Partners Acquisition Corp.,Finance
BRPAW,Big Rock Partners Acquisition Corp.,Finance
BRY,Berry Petroleum Corporation,Energy
BSPM,"Biostar Pharmaceuticals, Inc.",Health Care
BSRR,Sierra Bancorp,Finance
BSTC,BioSpecifics Technologies Corp,Health Care
BTAI,"BioXcel Therapeutics, Inc.",Health Care
BUSE,First Busey Corporation,Finance
BVXV,BiondVax Pharmaceuticals Ltd.,Health Care
BVXVW,BiondVax Pharmaceuticals Ltd.,Health Care
BWB,"Bridgewater Bancshares, Inc.",Finance
BWFG,"Bankwell Financial Group, Inc.",Finance
BYFC,Broadway Financial Corporation,Finance
BYSI,"BeyondSpring, Inc.",Health Care
CAC,Camden National Corporation,Finance
CACC,Credit Acceptance Corporation,Finance
CALA,"Calithera Biosciences, Inc.",Health Care
CAPR,"Capricor Therapeutics, Inc.",Health Care
CARA,"Cara Therapeutics, Inc.",Health Care
CARO,Carolina Financial Corporation,Finance
CART,"Carolina Trust BancShares, Inc.",Finance
CARV,"Carver Bancorp, Inc.",Finance
CASH,"Meta Financial Group, Inc.",Finance
CASI,"CASI Pharmaceuticals, Inc.",Health Care
CASM,"CAS Medical Systems, Inc.",Health Care
CATB,"Catabasis Pharmaceuticals, Inc.",Health Care
CATC,Cambridge Bancorp,Finance
CATS,"Catasys, Inc.",Health Care
CATY,Cathay General Bancorp,Finance
CATYW,Cathay General Bancorp,Finance
CBAN,"Colony Bankcorp, Inc.",Finance
CBAY,CymaBay Therapeutics Inc.,Health Care
CBFV,"CB Financial Services, Inc.",Finance
CBIO,"Catalyst Biosciences, Inc. ",Health Care
CBLI,"Cleveland BioLabs, Inc.",Health Care
CBMG,"Cellular Biomedicine Group, Inc.",Health Care
CBOE,"Cboe Global Markets, Inc.",Finance
CBPO,"China Biologic Products Holdings, Inc.",Health Care
CBSH,"Commerce Bancshares, Inc.",Finance
CBSHP,"Commerce Bancshares, Inc.",Finance
CBTX,"CBTX, Inc.",Finance
CCB,Coastal Financial Corporation,Finance
CCBG,Capital City Bank Group,Finance
CCLP,CSI Compressco LP,Energy
CCNE,CNB Financial Corporation,Finance
CCXI,"ChemoCentryx, Inc.",Health Care
CDEV,"Centennial Resource Development, Inc.",Energy
CDMO,"Avid Bioservices, Inc.",Health Care
CDMOP,"Avid Bioservices, Inc.",Health Care
CDNA,"CareDx, Inc.",Health Care
CDTX,"Cidara Therapeutics, Inc.",Health Care
CELC,Celcuity Inc.,Health Care
CELG,Celgene Corporation,Health Care
CELGZ,Celgene Corporation,Health Care
CEMI,"Chembio Diagnostics, Inc.",Health Care
CERC,Cerecor Inc.,Health Care
CERCW,Cerecor Inc.,Health Care
CERS,Cerus Corporation,Health Care
CFBI,"Community First Bancshares, Inc.",Finance
CFBK,Central Federal Corporation,Finance
CFFI,C&F Financial Corporation,Finance
CFFN,"Capitol Federal Financial, Inc.",Finance
CFMS,"ConforMIS, Inc.",Health Care
CFRX,ContraFect Corporation,Health Care
CG,The Carlyle Group L.P.,Finance
CGEN,Compugen Ltd.,Health Care
CGIX,"Cancer Genetics, Inc.",Health Care
CHCO,City Holding Company,Finance
CHEK,Check-Cap Ltd.,Health Care
CHEKW,Check-Cap Ltd.,Health Care
CHEKZ,Check-Cap Ltd.,Health Care
CHFC,Chemical Financial Corporation,Finance
CHFN,Charter Financial Corp.,Finance
CHFS,"CHF Solutions, Inc.",Health Care
CHMA,"Chiasma, Inc.",Health Care
CHMG,Chemung Financial Corp,Finance
CHRS,"Coherus BioSciences, Inc.",Health Care
CHRW,"C.H. Robinson Worldwide, Inc.",Transportation
CIGI,Colliers International Group Inc. ,Finance
CINF,Cincinnati Financial Corporation,Finance
CIVB,"Civista Bancshares, Inc. ",Finance
CIVBP,"Civista Bancshares, Inc. ",Finance
CIZN,Citizens Holding Company,Finance
CKPT,"Checkpoint Therapeutics, Inc.",Health Care
CLBK,"Columbia Financial, Inc.",Finance
CLBS,"Caladrius Biosciences, Inc.",Health Care
CLDC,China Lending Corporation,Finance
CLDX,"Celldex Therapeutics, Inc.",Health Care
CLGN,"CollPlant Holdings, Ltd.",Health Care
CLLS,Cellectis S.A.,Health Care
CLMT,"Calumet Specialty Products Partners, L.P.",Energy
CLRB,"Cellectar Biosciences, Inc.",Health Care
CLRBW,"Cellectar Biosciences, Inc.",Health Care
CLRBZ,"Cellectar Biosciences, Inc.",Health Care
CLSD,"Clearside Biomedical, Inc.",Health Care
CLSN,Celsion Corporation,Health Care
CLVS,"Clovis Oncology, Inc.",Health Care
CME,CME Group Inc.,Finance
CMRX,"Chimerix, Inc.",Health Care
CMSS,CM Seven Star Acquisition Corporation,Finance
CMSSR,CM Seven Star Acquisition Corporation,Finance
CMSSU,CM Seven Star Acquisition Corporation,Finance
CMSSW,CM Seven Star Acquisition Corporation,Finance
CMTA,Clementia Pharmaceuticals Inc.,Health Care
CNAC,Constellation Alpha Capital Corp.,Finance
CNACR,Constellation Alpha Capital Corp.,Finance
CNACU,Constellation Alpha Capital Corp.,Finance
CNACW,Constellation Alpha Capital Corp.,Finance
CNAT,Conatus Pharmaceuticals Inc.,Health Care
CNBKA,"Century Bancorp, Inc.",Finance
CNCE,"Concert Pharmaceuticals, Inc.",Health Care
CNFR,"Conifer Holdings, Inc.",Finance
CNMD,CONMED Corporation,Health Care
CNOB,"ConnectOne Bancorp, Inc.",Finance
CNST,"Constellation Pharmaceuticals, Inc.",Health Care
COBZ,CoBiz Financial Inc.,Finance
COCP,"Cocrystal Pharma, Inc.",Health Care
CODX,"Co-Diagnostics, Inc.",Health Care
COLB,"Columbia Banking System, Inc.",Finance
COLL,"Collegium Pharmaceutical, Inc.",Health Care
COOL,"PolarityTE, Inc.",Health Care
CORI,"Corium International, Inc.",Health Care
CORT,Corcept Therapeutics Incorporated,Health Care
CORV,Correvio Pharma Corp.,Health Care
COWN,Cowen Inc.,Finance
COWNL,Cowen Inc.,Finance
COWNZ,Cowen Inc.,Finance
CPIX,Cumberland Pharmaceuticals Inc.,Health Care
CPLP,Capital Product Partners L.P.,Transportation
CPRX,"Catalyst Pharmaceuticals, Inc.",Health Care
CPSS,"Consumer Portfolio Services, Inc.",Finance
CPST,Capstone Turbine Corporation,Energy
CRBP,"Corbus Pharmaceuticals Holdings, Inc.",Health Care
CRESY,Cresud S.A.C.I.F. y A.,Finance
CRIS,"Curis, Inc.",Health Care
CRNX,"Crinetics Pharmaceuticals, Inc.",Health Care
CRSP,CRISPR Therapeutics AG,Health Care
CRVL,CorVel Corp.,Finance
CRVS,"Corvus Pharmaceuticals, Inc.",Health Care
CRZO,"Carrizo Oil & Gas, Inc.",Energy
CSBR,"Champions Oncology, Inc.",Health Care
CSFL,CenterState Bank Corporation,Finance
CSII,"Cardiovascular Systems, Inc.",Health Care
CSTR,"CapStar Financial Holdings, Inc.",Finance
CSX,CSX Corporation,Transportation
CTBI,"Community Trust Bancorp, Inc.",Finance
CTIC,CTI BioPharma Corp.,Health Care
CTMX,"CytomX Therapeutics, Inc.",Health Care
CTRV,ContraVir Pharmaceuticals Inc.,Health Care
CTSO,Cytosorbents Corporation,Health Care
CTXR,"Citius Pharmaceuticals, Inc.",Health Care
CTXRW,"Citius Pharmaceuticals, Inc.",Health Care
CUE,"Cue Biopharma, Inc.",Health Care
CUR,"Neuralstem, Inc.",Health Care
CUTR,"Cutera, Inc.",Health Care
CVBF,CVB Financial Corporation,Finance
CVCY,Central Valley Community Bancorp,Finance
CVLY,"Codorus Valley Bancorp, Inc",Finance
CVTI,"Covenant Transportation Group, Inc.",Transportation
CWAY,"Coastway Bancorp, Inc.",Finance
CWBC,Community West Bancshares,Finance
CWBR,"CohBar, Inc.",Health Care
CYAD,Celyad SA,Health Care
CYCC,"Cyclacel Pharmaceuticals, Inc.",Health Care
CYCCP,"Cyclacel Pharmaceuticals, Inc.",Health Care
CYHHZ,"Community Health Systems, Inc.",Health Care
CYRX,"CryoPort, Inc.",Transportation
CYRXW,"CryoPort, Inc.",Transportation
CYTK,"Cytokinetics, Incorporated",Health Care
CYTR,CytRx Corporation,Health Care
CYTX,Cytori Therapeutics Inc.,Health Care
CYTXW,Cytori Therapeutics Inc.,Health Care
CYTXZ,Cytori Therapeutics Inc.,Health Care
CZFC,Citizens First Corporation,Finance
CZNC,Citizens & Northern Corp,Finance
CZWI,"Citizens Community Bancorp, Inc.",Finance
DARE,"Dare Bioscience, Inc.",Health Care
DBVT,DBV Technologies S.A.,Health Care
DCIX,Diana Containerships Inc.,Transportation
DCOM,"Dime Community Bancshares, Inc.",Finance
DCPH,"Deciphera Pharmaceuticals, Inc.",Health Care
DEPO,"Depomed, Inc.",Health Care
DERM,"Dermira, Inc.",Health Care
DFBH,DFB Healthcare Acquisitions Corp.,Finance
DFBHU,DFB Healthcare Acquisitions Corp.,Finance
DFBHW,DFB Healthcare Acquisitions Corp.,Finance
DFFN,Diffusion Pharmaceuticals Inc.,Health Care
DFVL,Barclays PLC,Finance
DFVS,Barclays PLC,Finance
DGICA,"Donegal Group, Inc.",Finance
DGICB,"Donegal Group, Inc.",Finance
DGLD,Credit Suisse AG,Finance
DHIL,"Diamond Hill Investment Group, Inc.",Finance
DLBL,Barclays PLC,Finance
DLBS,Barclays PLC,Finance
DMLP,"Dorchester Minerals, L.P.",Energy
DMPI,"DelMar Pharmaceuticals, Inc.",Health Care
DNBF,DNB Financial Corp,Finance
DNJR,GOLDEN BULL LIMITED,Finance
DNLI,Denali Therapeutics Inc.,Health Care
DOTA,"Draper Oakwood Technology Acquisition, Inc.",Finance
DOTAR,"Draper Oakwood Technology Acquisition, Inc.",Finance
DOTAU,"Draper Oakwood Technology Acquisition, Inc.",Finance
DOTAW,"Draper Oakwood Technology Acquisition, Inc.",Finance
DOVA,"Dova Pharmaceuticals, Inc.",Health Care
DRAD,Digirad Corporation,Health Care
DRIO,DarioHealth Corp.,Health Care
DRIOW,DarioHealth Corp.,Health Care
DRNA,"Dicerna Pharmaceuticals, Inc.",Health Care
DRRX,DURECT Corporation,Health Care
DRYS,DryShips Inc.,Transportation
DSLV,Credit Suisse AG,Finance
DTUL,Barclays PLC,Finance
DTUS,Barclays PLC,Finance
DTYL,Barclays PLC,Finance
DTYS,Barclays PLC,Finance
DVAX,Dynavax Technologies Corporation,Health Care
DVCR,Diversicare Healthcare Services Inc.,Health Care
DWSN,Dawson Geophysical Company,Energy
DXCM,"DexCom, Inc.",Health Care
DYNT,Dynatronics Corporation,Health Care
EACQ,Easterly Acquisition Corp.,Finance
EACQU,Easterly Acquisition Corp.,Finance
EACQW,Easterly Acquisition Corp.,Finance
EAGL,Platinum Eagle Acquisition Corp.,Finance
EAGLU,Platinum Eagle Acquisition Corp.,Finance
EAGLW,Platinum Eagle Acquisition Corp.,Finance
EARS,Auris Medical Holding AG,Health Care
EBMT,"Eagle Bancorp Montana, Inc.",Finance
EBSB,"Meridian Bancorp, Inc.",Finance
EBTC,Enterprise Bancorp Inc,Finance
ECHO,"Echo Global Logistics, Inc.",Transportation
ECOR,"electroCore, Inc.",Health Care
ECPG,Encore Capital Group Inc,Finance
ECYT,"Endocyte, Inc.",Health Care
EDAP,EDAP TMS S.A.,Health Care
EDGE,"Edge Therapeutics, Inc.",Health Care
EDIT,"Editas Medicine, Inc.",Health Care
EEFT,"Euronet Worldwide, Inc.",Finance
EFBI,"Eagle Financial Bancorp, Inc.",Finance
EFSC,Enterprise Financial Services Corporation,Finance
EGBN,"Eagle Bancorp, Inc.",Finance
EGC,"Energy XXI Gulf Coast, Inc.",Energy
EGLE,Eagle Bulk Shipping Inc.,Transportation
EGLT,Egalet Corporation,Health Care
EGRX,"Eagle Pharmaceuticals, Inc.",Health Care
EHTH,"eHealth, Inc.",Finance
EIDX,"Eidos Therapeutics, Inc.",Health Care
EIGR,"Eiger BioPharmaceuticals, Inc.",Health Care
ELGX,"Endologix, Inc.",Health Care
ELOX,"Eloxx Pharmaceuticals, Inc.",Health Care
EMCF,Emclaire Financial Corp,Finance
EMCI,EMC Insurance Group Inc.,Finance
ENDP,Endo International plc,Health Care
ENFC,Entegra Financial Corp.,Finance
ENSG,"The Ensign Group, Inc.",Health Care
ENTA,"Enanta Pharmaceuticals, Inc.",Health Care
ENTX,Entera Bio Ltd.,Health Care
ENTXW,Entera Bio Ltd.,Health Care
EOLS,"Evolus, Inc.",Health Care
EPIX,ESSA Pharma Inc.,Health Care
EPZM,"Epizyme, Inc.",Health Care
EQBK,"Equity Bancshares, Inc.",Finance
ERIE,Erie Indemnity Company,Finance
ERYP,Erytech Pharma S.A.,Health Care
ESBK,Elmira Savings Bank NY (The),Finance
ESEA,Euroseas Ltd.,Transportation
ESES,"Eco-Stim Energy Solutions, Inc.",Energy
ESGR,Enstar Group Limited,Finance
ESGRP,Enstar Group Limited,Finance
ESPR,"Esperion Therapeutics, Inc.",Health Care
ESQ,"Esquire Financial Holdings, Inc.",Finance
ESRX,Express Scripts Holding Company,Health Care
ESSA,"ESSA Bancorp, Inc.",Finance
ESTA,Establishment Labs Holdings Inc.,Health Care
ESXB,Community Bankers Trust Corporation.,Finance
ETFC,E*TRADE Financial Corporation,Finance
EVFM,"Evofem Biosciences, Inc.",Health Care
EVLO,"Evelo Biosciences, Inc.",Health Care
EVOK,"Evoke Pharma, Inc.",Health Care
EWBC,"East West Bancorp, Inc.",Finance
EXAS,Exact Sciences Corporation,Health Care
EXEL,"Exelixis, Inc.",Health Care
EXPD,"Expeditors International of Washington, Inc.",Transportation
EYE,"National Vision Holdings, Inc.",Health Care
EYEG,"Eyegate Pharmaceuticals, Inc.",Health Care
EYEGW,"Eyegate Pharmaceuticals, Inc.",Health Care
EYEN,"Eyenovia, Inc.",Health Care
EYES,"Second Sight Medical Products, Inc.",Health Care
EYESW,"Second Sight Medical Products, Inc.",Health Care
FANG,"Diamondback Energy, Inc.",Energy
FANH,Fanhua Inc.,Finance
FATE,"Fate Therapeutics, Inc.",Health Care
FBIO,"Fortress Biotech, Inc.",Health Care
FBIOP,"Fortress Biotech, Inc.",Health Care
FBIZ,"First Business Financial Services, Inc.",Finance
FBMS,"The First Bancshares, Inc.",Finance
FBNC,First Bancorp,Finance
FBNK,"First Connecticut Bancorp, Inc.",Finance
FBSS,"Fauquier Bankshares, Inc.",Finance
FCAP,"First Capital, Inc.",Finance
FCBC,"First Community Bancshares, Inc.",Finance
FCBP,First Choice Bancorp,Finance
FCCO,First Community Corporation,Finance
FCCY,1st Constitution Bancorp (NJ),Finance
FCNCA,"First Citizens BancShares, Inc.",Finance
FCSC,Fibrocell Science Inc.,Health Care
FDBC,"Fidelity D & D Bancorp, Inc.",Finance
FDEF,First Defiance Financial Corp.,Finance
FENC,Fennec Pharmaceuticals Inc.,Health Care
FFBC,First Financial Bancorp.,Finance
FFBCW,First Financial Bancorp.,Finance
FFBW,"FFBW, Inc.",Finance
FFIC,Flushing Financial Corporation,Finance
FFIN,"First Financial Bankshares, Inc.",Finance
FFKT,Farmers Capital Bank Corporation,Finance
FFNW,"First Financial Northwest, Inc.",Finance
FFWM,First Foundation Inc.,Finance
FGBI,"First Guaranty Bancshares, Inc.",Finance
FGEN,"FibroGen, Inc",Health Care
FHB,"First Hawaiian, Inc.",Finance
FIBK,"First Interstate BancSystem, Inc.",Finance
FISI,"Financial Institutions, Inc.",Finance
FITB,Fifth Third Bancorp,Finance
FITBI,Fifth Third Bancorp,Finance
FIXX,"Homology Medicines, Inc.",Health Care
FLAT,Barclays PLC,Finance
FLGT,"Fulgent Genetics, Inc.",Health Care
FLIC,The First of Long Island Corporation,Finance
FLKS,"Flex Pharma, Inc.",Health Care
FLXN,"Flexion Therapeutics, Inc.",Health Care
FMAO,"Farmers & Merchants Bancorp, Inc.",Finance
FMBH,"First Mid-Illinois Bancshares, Inc.",Finance
FMBI,"First Midwest Bancorp, Inc.",Finance
FMCIU,Forum Merger II Corporation,Finance
FMNB,Farmers National Banc Corp.,Finance
FNCB,FNCB Bancorp Inc.,Finance
FNHC,FedNat Holding Company,Finance
FNLC,"First Bancorp, Inc (ME)",Finance
FNWB,First Northwest Bancorp,Finance
FOCS,Focus Financial Partners Inc.,Finance
FOLD,"Amicus Therapeutics, Inc.",Health Care
FONR,Fonar Corporation,Health Care
FPRX,"Five Prime Therapeutics, Inc.",Health Care
FRBK,"Republic First Bancorp, Inc.",Finance
FRME,First Merchants Corporation,Finance
FRPH,"FRP Holdings, Inc.",Finance
FSAC,Federal Street Acquisition Corp.,Finance
FSACU,Federal Street Acquisition Corp.,Finance
FSACW,Federal Street Acquisition Corp.,Finance
FSBC,"FSB Bancorp, Inc.",Finance
FSBW,"FS Bancorp, Inc.",Finance
FSFG,"First Savings Financial Group, Inc.",Finance
FSV,FirstService Corporation,Finance
FTSV,"Forty Seven, Inc.",Health Care
FULT,Fulton Financial Corporation,Finance
FUNC,First United Corporation,Finance
FUSB,"First US Bancshares, Inc.",Finance
FVE,Five Star Senior Living Inc.,Health Care
FWP,Forward Pharma A/S,Health Care
FWRD,Forward Air Corporation,Transportation
GABC,"German American Bancorp, Inc.",Finance
GALT,Galectin Therapeutics Inc.,Health Care
GASS,"StealthGas, Inc.",Transportation
GBCI,"Glacier Bancorp, Inc.",Finance
GBLI,Global Indemnity Limited,Finance
GBLIL,Global Indemnity Limited,Finance
GBLIZ,Global Indemnity Limited,Finance
GBNK,Guaranty Bancorp,Finance
GBT,"Global Blood Therapeutics, Inc.",Health Care
GCBC,"Greene County Bancorp, Inc.",Finance
GCVRZ,Sanofi,Health Care
GEMP,Gemphire Therapeutics Inc.,Health Care
GENE,Genetic Technologies Ltd,Health Care
GERN,Geron Corporation,Health Care
GFED,"Guaranty Federal Bancshares, Inc.",Finance
GGAL,Grupo Financiero Galicia S.A.,Finance
GHDX,"Genomic Health, Inc.",Health Care
GILD,"Gilead Sciences, Inc.",Health Care
GLACU,Greenland Acquisition Corporation,Finance
GLBS,Globus Maritime Limited,Transportation
GLBZ,Glen Burnie Bancorp,Finance
GLDI,Credit Suisse AG,Finance
GLG,"China Commercial Credit, Inc.",Finance
GLMD,Galmed Pharmaceuticals Ltd.,Health Care
GLPG,Galapagos NV,Health Care
GLRE,"Greenlight Reinsurance, Ltd.",Finance
GLYC,"GlycoMimetics, Inc.",Health Care
GNBC,"Green Bancorp, Inc.",Finance
GNCA,"Genocea Biosciences, Inc.",Health Care
GNMK,"GenMark Diagnostics, Inc.",Health Care
GNMX,"Aevi Genomic Medicine, Inc.",Health Care
GNPX,"Genprex, Inc.",Health Care
GNTY,"Guaranty Bancshares, Inc.",Finance
GOV,Government Properties Income Trust,Finance
GOVNI,Government Properties Income Trust,Finance
GPAQ,Gordon Pointe Acquisition Corp.,Finance
GPAQU,Gordon Pointe Acquisition Corp.,Finance
GPAQW,Gordon Pointe Acquisition Corp.,Finance
GPOR,Gulfport Energy Corporation,Energy
GRFS,"Grifols, S.A.",Health Care
GRIF,"Griffin Industrial Realty, Inc.",Finance
GRIN,Grindrod Shipping Holdings Ltd.,Transportation
GROW,"U.S. Global Investors, Inc.",Finance
GSBC,"Great Southern Bancorp, Inc.",Finance
GSHD,"Goosehead Insurance, Inc.",Finance
GTHX,"G1 Therapeutics, Inc.",Health Care
GTXI,"GTx, Inc.",Health Care
GTYH,"GTY Technology Holdings, Inc.",Finance
GTYHU,"GTY Technology Holdings, Inc.",Finance
GTYHW,"GTY Technology Holdings, Inc.",Finance
GWGH,"GWG Holdings, Inc",Finance
GWPH,GW Pharmaceuticals Plc,Health Care
HA,"Hawaiian Holdings, Inc.",Transportation
HAFC,Hanmi Financial Corporation,Finance
HAIR,"Restoration Robotics, Inc.",Health Care
HALL,"Hallmark Financial Services, Inc.",Finance
HALO,"Halozyme Therapeutics, Inc.",Health Care
HBAN,Huntington Bancshares Incorporated,Finance
HBANN,Huntington Bancshares Incorporated,Finance
HBANO,Huntington Bancshares Incorporated,Finance
HBCP,"Home Bancorp, Inc.",Finance
HBK,"Hamilton Bancorp, Inc.",Finance
HBMD,"Howard Bancorp, Inc.",Finance
HBNC,"Horizon Bancorp, Inc.",Finance
HCCH,HL Acquisitions Corp.,Finance
HCCHR,HL Acquisitions Corp.,Finance
HCCHU,HL Acquisitions Corp.,Finance
HCCHW,HL Acquisitions Corp.,Finance
HCM,Hutchison China MediTech Limited,Health Care
HCSG,"Healthcare Services Group, Inc.",Health Care
HFBC,"HopFed Bancorp, Inc.",Finance
HFBL,"Home Federal Bancorp, Inc. of Louisiana",Finance
HFWA,Heritage Financial Corporation,Finance
HGSH,"China HGS Real Estate, Inc.",Finance
HIIQ,"Health Insurance Innovations, Inc.",Finance
HJLI,"Hancock Jaffe Laboratories, Inc.",Health Care
HJLIW,"Hancock Jaffe Laboratories, Inc.",Health Care
HLNE,Hamilton Lane Incorporated,Finance
HMNF,"HMN Financial, Inc.",Finance
HMST,"HomeStreet, Inc.",Finance
HMTA,HomeTown Bankshares Corporation,Finance
HNNA,"Hennessy Advisors, Inc.",Finance
HNRG,Hallador Energy Company,Energy
HOLI,"Hollysys Automation Technologies, Ltd.",Energy
HOLX,"Hologic, Inc.",Health Care
HOMB,"Home BancShares, Inc.",Finance
HONE,"HarborOne Bancorp, Inc.",Finance
HOPE,"Hope Bancorp, Inc.",Finance
HRTX,"Heron Therapeutics, Inc.  ",Health Care
HSDT,"Helius Medical Technologies, Inc.",Health Care
HSGX,Histogenics Corporation,Health Care
HSIC,"Henry Schein, Inc.",Health Care
HSKA,Heska Corporation,Health Care
HTBI,"HomeTrust Bancshares, Inc.",Finance
HTBK,Heritage Commerce Corp,Finance
HTBX,"Heat Biologics, Inc.",Health Care
HTLD,"Heartland Express, Inc.",Transportation
HTLF,"Heartland Financial USA, Inc.",Finance
HUBG,"Hub Group, Inc.",Transportation
HUNT,Hunter Maritime Acquisition Corp.,Transportation
HUNTU,Hunter Maritime Acquisition Corp.,Transportation
HUNTW,Hunter Maritime Acquisition Corp.,Transportation
HVBC,"HV Bancorp, Inc.",Finance
HWBK,"Hawthorn Bancshares, Inc.",Finance
HWC,Hancock Whitney Corporation,Finance
HWCPL,Hancock Whitney Corporation,Finance
HX,Hexindai Inc.,Finance
HYAC,Haymaker Acquisition Corp.,Finance
HYACU,Haymaker Acquisition Corp.,Finance
HYACW,Haymaker Acquisition Corp.,Finance
HZNP,Horizon Pharma plc,Health Care
IART,Integra LifeSciences Holdings Corporation,Health Care
IBCP,Independent Bank Corporation,Finance
IBKC,IBERIABANK Corporation,Finance
IBKCO,IBERIABANK Corporation,Finance
IBKCP,IBERIABANK Corporation,Finance
IBKR,"Interactive Brokers Group, Inc.",Finance
IBOC,International Bancshares Corporation,Finance
IBTX,"Independent Bank Group, Inc",Finance
ICAD,icad inc.,Health Care
ICBK,"County Bancorp, Inc.",Finance
ICCC,ImmuCell Corporation,Health Care
ICCH,"ICC Holdings, Inc.",Finance
ICLR,ICON plc,Health Care
ICPT,"Intercept Pharmaceuticals, Inc.",Health Care
ICUI,"ICU Medical, Inc.",Health Care
IDRA,"Idera Pharmaceuticals, Inc.",Health Care
IDXG,"Interpace Diagnostics Group, Inc.",Health Care
IDXX,"IDEXX Laboratories, Inc.",Health Care
IEA,"Infrastructure and Energy Alternatives, Inc.",Finance
IEAWW,"Infrastructure and Energy Alternatives, Inc.",Finance
ILG,"ILG, Inc",Finance
IMDZ,Immune Design Corp.,Health Care
IMGN,"ImmunoGen, Inc.",Health Care
IMMP,Immutep Limited,Health Care
IMMU,"Immunomedics, Inc.",Health Care
IMMY,"Imprimis Pharmaceuticals, Inc.",Health Care
IMRN,Immuron Limited,Health Care
IMRNW,Immuron Limited,Health Care
IMV,IMV Inc.,Health Care
INBK,First Internet Bancorp,Finance
INBKL,First Internet Bancorp,Finance
INCY,Incyte Corporation,Health Care
INDB,Independent Bank Corp.,Finance
INDU,Industrea Acquisition Corp.,Finance
INDUU,Industrea Acquisition Corp.,Finance
INDUW,Industrea Acquisition Corp.,Finance
INFI,"Infinity Pharmaceuticals, Inc.",Health Care
INGN,"Inogen, Inc",Health Care
INNT,"Innovate Biopharmaceuticals, Inc.",Health Care
INO,"Inovio Pharmaceuticals, Inc.",Health Care
INSM,"Insmed, Inc.",Health Care
INSY,"Insys Therapeutics, Inc.",Health Care
INTL,INTL FCStone Inc.,Finance
INVA,"Innoviva, Inc.",Health Care
IONS,"Ionis Pharmaceuticals, Inc.",Health Care
IOVA,"Iovance Biotherapeutics, Inc.",Health Care
IPCI,Intellipharmaceutics International Inc.,Health Care
IPWR,Ideal Power Inc.,Energy
IRIX,IRIDEX Corporation,Health Care
IRMD,iRadimed Corporation,Health Care
IROQ,"IF Bancorp, Inc.",Finance
IRTC,"iRhythm Technologies, Inc.",Health Care
IRWD,"Ironwood Pharmaceuticals, Inc.",Health Care
ISBC,"Investors Bancorp, Inc.",Finance
ISRG,"Intuitive Surgical, Inc.",Health Care
ISRL,"Isramco, Inc.",Energy
ISTR,Investar Holding Corporation,Finance
ITCI,Intra-Cellular Therapies Inc.,Health Care
ITIC,Investors Title Company,Finance
ITRM,Iterum Therapeutics plc,Health Care
IVTY,"Invuity, Inc.",Health Care
JAGX,"Jaguar Health, Inc.",Health Care
JAZZ,Jazz Pharmaceuticals plc,Health Care
JBHT,"J.B. Hunt Transport Services, Inc.",Transportation
JBLU,JetBlue Airways Corporation,Transportation
JNCE,"Jounce Therapeutics, Inc.",Health Care
JNP,"Juniper Pharmaceuticals, Inc.",Health Care
JRJC,China Finance Online Co. Limited,Finance
JRVR,"James River Group Holdings, Ltd.",Finance
JSM,Navient Corporation,Finance
JTPY,JetPay Corporation,Finance
KAAC,Kayne Anderson Acquisition Corp.,Finance
KAACU,Kayne Anderson Acquisition Corp.,Finance
KAACW,Kayne Anderson Acquisition Corp.,Finance
KALA,"Kala Pharmaceuticals, Inc.",Health Care
KALV,"KalVista Pharmaceuticals, Inc.",Health Care
KANG,"iKang Healthcare Group, Inc.",Health Care
KBLM,KBL Merger Corp. IV,Finance
KBLMR,KBL Merger Corp. IV,Finance
KBLMU,KBL Merger Corp. IV,Finance
KBLMW,KBL Merger Corp. IV,Finance
KERX,"Keryx Biopharmaceuticals, Inc.",Health Care
KFFB,Kentucky First Federal Bancorp,Finance
KIDS,OrthoPediatrics Corp.,Health Care
KIN,"Kindred Biosciences, Inc.",Health Care
KINS,"Kingstone Companies, Inc",Finance
KMDA,Kamada Ltd.,Health Care
KMPH,"KemPharm, Inc.",Health Care
KNSA,"Kiniksa Pharmaceuticals, Ltd.",Health Care
KNSL,"Kinsale Capital Group, Inc.",Finance
KPTI,Karyopharm Therapeutics Inc.,Health Care
KRNY,Kearny Financial,Finance
KRYS,"Krystal Biotech, Inc.",Health Care
KTOV,Kitov Pharma Ltd.,Health Care
KTOVW,Kitov Pharma Ltd.,Health Care
KTWO,"K2M Group Holdings, Inc.",Health Care
KURA,"Kura Oncology, Inc.",Health Care
KZR,"Kezar Life Sciences, Inc.",Health Care
LACQ,Leisure Acquisition Corp.,Finance
LACQU,Leisure Acquisition Corp.,Finance
LACQW,Leisure Acquisition Corp.,Finance
LAKE,"Lakeland Industries, Inc.",Health Care
LARK,Landmark Bancorp Inc.,Finance
LBAI,"Lakeland Bancorp, Inc.",Finance
LBC,Luther Burbank Corporation,Finance
LCA,"Landcadia Holdings, Inc.",Finance
LCAHU,"Landcadia Holdings, Inc.",Finance
LCAHW,"Landcadia Holdings, Inc.",Finance
LCNB,LCNB Corporation,Finance
LENS,Presbia PLC,Health Care
LEVL,"Level One Bancorp, Inc.",Finance
LFAC,LF Capital Acquistion Corp.,Finance
LFACU,LF Capital Acquistion Corp.,Finance
LFACW,LF Capital Acquistion Corp.,Finance
LFVN,Lifevantage Corporation,Health Care
LGCY,Legacy Reserves LP,Energy
LGCYO,Legacy Reserves LP,Energy
LGCYP,Legacy Reserves LP,Energy
LGND,Ligand Pharmaceuticals Incorporated,Health Care
LHCG,LHC Group,Health Care
LIFE,"aTyr Pharma, Inc.",Health Care
LION,Fidelity Southern Corporation,Finance
LIVE,Live Ventures Incorporated,Finance
LIVN,LivaNova PLC,Health Care
LJPC,La Jolla Pharmaceutical Company,Health Care
LKFN,Lakeland Financial Corporation,Finance
LLEX,"Lilis Energy, Inc.",Energy
LLIT,Lianluo Smart Limited,Health Care
LMAT,"LeMaitre Vascular, Inc.",Health Care
LMFA,"LM Funding America, Inc.",Finance
LMFAW,"LM Funding America, Inc.",Finance
LMNX,Luminex Corporation,Health Care
LMST,"Limestone Bancorp, Inc.",Finance
LNTH,"Lantheus Holdings, Inc.",Health Care
LOB,"Live Oak Bancshares, Inc.",Finance
LONE,Lonestar Resources US Inc.,Energy
LOXO,"Loxo Oncology, Inc.",Health Care
LPCN,Lipocine Inc.,Health Care
LPLA,LPL Financial Holdings Inc.,Finance
LPNT,"LifePoint Health, Inc.",Health Care
LPTX,"LEAP THERAPEUTICS, INC.",Health Care
LQDA,"Liquidia Technologies, Inc.",Health Care
LSBK,"Lake Shore Bancorp, Inc.",Finance
LSTR,"Landstar System, Inc.",Transportation
LTXB,"LegacyTexas Financial Group, Inc.",Finance
LUNA,Luna Innovations Incorporated,Health Care
LX,LexinFintech Holdings Ltd.,Finance
LXRX,"Lexicon Pharmaceuticals, Inc.",Health Care
LYL,Dragon Victory International Limited,Finance
MACK,"Merrimack Pharmaceuticals, Inc.",Health Care
MARPS,Marine Petroleum Trust,Energy
MASI,Masimo Corporation,Health Care
MBCN,Middlefield Banc Corp.,Finance
MBFI,MB Financial Inc.,Finance
MBFIO,MB Financial Inc.,Finance
MBIN,Merchants Bancorp,Finance
MBIO,"Mustang Bio, Inc.",Health Care
MBOT,Microbot Medical Inc. ,Health Care
MBRX,"Moleculin Biotech, Inc.",Health Care
MBTF,M B T Financial Corp,Finance
MBWM,Mercantile Bank Corporation,Finance
MCBC,Macatawa Bank Corporation,Finance
MCEP,"Mid-Con Energy Partners, LP",Energy
MCRB,"Seres Therapeutics, Inc.",Health Care
MDCO,The Medicines Company,Health Care
MDGL,"Madrigal Pharmaceuticals, Inc.",Health Care
MDGS,Medigus Ltd.,Health Care
MDGSW,Medigus Ltd.,Health Care
MDXG,"MiMedx Group, Inc",Health Care
MEDP,"Medpace Holdings, Inc.",Health Care
MEIP,"MEI Pharma, Inc.",Health Care
MELR,"Melrose Bancorp, Inc.",Finance
MESO,Mesoblast Limited,Health Care
METC,"Ramaco Resources, Inc.",Energy
MFIN,Medallion Financial Corp.,Finance
MFINL,Medallion Financial Corp.,Finance
MFNC,Mackinac Financial Corporation,Finance
MFSF,MutualFirst Financial Inc.,Finance
MGEE,MGE Energy Inc.,Energy
MGEN,"Miragen Therapeutics, Inc.",Health Care
MGLN,"Magellan Health, Inc.",Health Care
MGNX,"MacroGenics, Inc.",Health Care
MGTA,"Magenta Therapeutics, Inc.",Health Care
MGTX,MeiraGTx Holdings plc,Health Care
MGYR,"Magyar Bancorp, Inc.",Finance
MHLD,"Maiden Holdings, Ltd.",Finance
MKTX,"MarketAxess Holdings, Inc.",Finance
MLNT,"Melinta Therapeutics, Inc.",Health Care
MLVF,"Malvern Bancorp, Inc.",Finance
MMAC,"MMA Capital Management, LLC",Finance
MMDM,Modern Media Acquisition Corp.,Finance
MMDMR,Modern Media Acquisition Corp.,Finance
MMDMU,Modern Media Acquisition Corp.,Finance
MMDMW,Modern Media Acquisition Corp.,Finance
MMLP,Martin Midstream Partners L.P.,Energy
MMSI,"Merit Medical Systems, Inc.",Health Care
MNKD,MannKind Corporation,Health Care
MNLO,Menlo Therapeutics Inc.,Health Care
MNOV,"MediciNova, Inc.",Health Care
MNTA,"Momenta Pharmaceuticals, Inc.",Health Care
MOFG,"MidWestOne Financial Group, Inc.",Finance
MOGO,Mogo Finance Technology Inc.,Finance
MOR,MorphoSys AG,Health Care
MORN,"Morningstar, Inc.",Finance
MOTS,"Motus GI Holdings, Inc.",Health Care
MPAC,Matlin & Partners Acquisition Corporation,Finance
MPACU,Matlin & Partners Acquisition Corporation,Finance
MPACW,Matlin & Partners Acquisition Corporation,Finance
MPB,Mid Penn Bancorp,Finance
MRLN,Marlin Business Services Corp.,Finance
MRNS,"Marinus Pharmaceuticals, Inc.",Health Care
MRSN,"Mersana Therapeutics, Inc.",Health Care
MRTN,"Marten Transport, Ltd.",Transportation
MRTX,"Mirati Therapeutics, Inc.",Health Care
MRUS,Merus N.V.,Health Care
MSBF,MSB Financial Corp.,Finance
MSBI,"Midland States Bancorp, Inc.",Finance
MSVB,"Mid-Southern Bancorp, Inc.",Finance
MTEC,MTech Acquisition Corp.,Finance
MTECU,MTech Acquisition Corp.,Finance
MTECW,MTech Acquisition Corp.,Finance
MTEM,"Molecular Templates, Inc.",Health Care
MTFB,Motif Bio plc,Health Care
MTFBW,Motif Bio plc,Health Care
MTP,Midatech Pharma PLC,Health Care
MUDS,Mudrick Capital Acquisition Corporation,Finance
MUDSU,Mudrick Capital Acquisition Corporation,Finance
MUDSW,Mudrick Capital Acquisition Corporation,Finance
MVBF,MVB Financial Corp.,Finance
MYFW,"First Western Financial, Inc.",Finance
MYGN,"Myriad Genetics, Inc.",Health Care
MYL,Mylan N.V.,Health Care
MYND,"MYnd Analytics, Inc.",Health Care
MYNDW,"MYnd Analytics, Inc.",Health Care
MYOK,"MyoKardia, Inc.",Health Care
MYOS,MYOS RENS Technology Inc.,Health Care
MZOR,Mazor Robotics Ltd.,Health Care
NAOV,"NanoVibronix, Inc.",Health Care
NATR,"Nature&#39;s Sunshine Products, Inc.",Health Care
NAVG,"The Navigators Group, Inc.",Finance
NAVI,Navient Corporation,Finance
NBIX,"Neurocrine Biosciences, Inc.",Health Care
NBN,Northeast Bancorp,Finance
NBRV,Nabriva Therapeutics plc,Health Care
NBTB,NBT Bancorp Inc.,Finance
NCBS,Nicolet Bankshares Inc.,Finance
NCNA,NuCana plc,Health Care
NCOM,National Commerce Corporation,Finance
NCSM,"NCS Multistage Holdings, Inc.",Energy
NDAQ,"Nasdaq, Inc.",Finance
NDRA,ENDRA Life Sciences Inc.,Health Care
NDRAW,ENDRA Life Sciences Inc.,Health Care
NEBU,Nebula Acquisition Corporation,Finance
NEBUU,Nebula Acquisition Corporation,Finance
NEBUW,Nebula Acquisition Corporation,Finance
NEO,"NeoGenomics, Inc.",Health Care
NEOG,Neogen Corporation,Health Care
NEOS,"Neos Therapeutics, Inc.",Health Care
NEPT,Neptune Technologies & Bioresources Inc,Health Care
NERV,"Minerva Neurosciences, Inc",Health Care
NESR,National Energy Services Reunited Corp.,Energy
NESRW,National Energy Services Reunited Corp.,Energy
NFBK,"Northfield Bancorp, Inc.",Finance
NGHC,National General Holdings Corp,Finance
NGHCN,National General Holdings Corp,Finance
NGHCO,National General Holdings Corp,Finance
NGHCP,National General Holdings Corp,Finance
NGHCZ,National General Holdings Corp,Finance
NHLD,National Holdings Corporation,Finance
NHLDW,National Holdings Corporation,Finance
NICK,"Nicholas Financial, Inc.",Finance
NITE,Nightstar Therapeutics plc,Health Care
NK,"NantKwest, Inc.",Health Care
NKSH,"National Bankshares, Inc.",Finance
NKTR,Nektar Therapeutics,Health Care
NLNK,NewLink Genetics Corporation,Health Care
NMIH,NMI Holdings Inc,Finance
NMRD,Nemaura Medical Inc.,Health Care
NMRK,"Newmark Group, Inc.",Finance
NODK,"NI Holdings, Inc.",Finance
NOVN,"Novan, Inc.",Health Care
NRC,National Research Corporation,Health Care
NRIM,Northrim BanCorp Inc,Finance
NSEC,"National Security Group, Inc.",Finance
NSTG,"NanoString Technologies, Inc.",Health Care
NTEC,Intec Pharma Ltd.,Health Care
NTGN,"Neon Therapeutics, Inc.",Health Care
NTLA,"Intellia Therapeutics, Inc.",Health Care
NTRA,"Natera, Inc.",Health Care
NTRP,"Neurotrope, Inc.",Health Care
NTRS,Northern Trust Corporation,Finance
NTRSP,Northern Trust Corporation,Finance
NURO,"NeuroMetrix, Inc.",Health Care
NUROW,"NeuroMetrix, Inc.",Health Care
NUVA,"NuVasive, Inc.",Health Care
NVAX,"Novavax, Inc.",Health Care
NVCN,Neovasc Inc.,Health Care
NVCR,NovoCure Limited,Health Care
NVIV,InVivo Therapeutics Holdings Corp.,Health Care
NVLN,Novelion Therapeutics Inc. ,Health Care
NVTR,Nuvectra Corporation,Health Care
NVUS,"Novus Therapeutics, Inc.",Health Care
NWBI,"Northwest Bancshares, Inc.",Finance
NWFL,Norwood Financial Corp.,Finance
NWLI,"National Western Life Group, Inc.",Finance
NXTM,"NxStage Medical, Inc.",Health Care
NYMTP,"New York Mortgage Trust, Inc.",Finance
NYMX,Nymox Pharmaceutical Corporation,Health Care
OASM,Oasmia Pharmaceutical AB,Health Care
OBAS,Optibase Ltd.,Finance
OBLN,"Obalon Therapeutics, Inc.",Health Care
OBNK,"Origin Bancorp, Inc.",Finance
OBSV,ObsEva SA,Health Care
OCFC,OceanFirst Financial Corp.,Finance
OCUL,"Ocular Therapeutix, Inc.",Health Care
ODFL,"Old Dominion Freight Line, Inc.",Transportation
ODT,"Odonate Therapeutics, Inc.",Health Care
OFED,Oconee Federal Financial Corp.,Finance
OFIX,Orthofix Medical Inc. ,Health Care
OHRP,"Ohr Pharmaceutical, Inc.",Health Care
OLBK,"Old Line Bancshares, Inc.",Finance
OMAB,Grupo Aeroportuario del Centro Norte S.A.B. de C.V.,Transportation
OMED,"OncoMed Pharmaceuticals, Inc.",Health Care
OMER,Omeros Corporation,Health Care
ONB,Old National Bancorp,Finance
ONCE,"Spark Therapeutics, Inc.",Health Care
ONCS,OncoSec Medical Incorporated,Health Care
ONCY,Oncolytics Biotech Inc.,Health Care
ONS,"Oncobiologics, Inc.",Health Care
ONSIW,"Oncobiologics, Inc.",Health Care
ONTX,"Onconova Therapeutics, Inc.",Health Care
ONTXW,"Onconova Therapeutics, Inc.",Health Care
ONVO,"Organovo Holdings, Inc.",Health Care
OPBK,OP Bancorp,Finance
OPES,Opes Acquisition Corp.,Finance
OPESU,Opes Acquisition Corp.,Finance
OPESW,Opes Acquisition Corp.,Finance
OPGN,"OpGen, Inc.",Health Care
OPGNW,"OpGen, Inc.",Health Care
OPHC,"OptimumBank Holdings, Inc.",Finance
OPHT,Ophthotech Corporation,Health Care
OPK,"Opko Health, Inc.",Health Care
OPOF,Old Point Financial Corporation,Finance
OPTN,"OptiNose, Inc.",Health Care
ORGS,Orgenesis Inc.,Health Care
ORIG,Ocean Rig UDW Inc.,Energy
ORIT,Oritani Financial Corp.,Finance
ORMP,Oramed Pharmaceuticals Inc.,Health Care
ORPN,Bioblast Pharma Ltd.,Health Care
ORRF,Orrstown Financial Services Inc,Finance
OSBC,"Old Second Bancorp, Inc.",Finance
OSBCP,"Old Second Bancorp, Inc.",Finance
OSIR,"Osiris Therapeutics, Inc.",Health Care
OSPR,Osprey Energy Acquisition Corp.,Energy
OSPRU,Osprey Energy Acquisition Corp.,Energy
OSPRW,Osprey Energy Acquisition Corp.,Energy
OSUR,"OraSure Technologies, Inc.",Health Care
OTIC,"Otonomy, Inc.",Health Care
OTTW,"Ottawa Bancorp, Inc.",Finance
OVAS,OvaScience Inc.,Health Care
OVBC,Ohio Valley Banc Corp.,Finance
OVID,Ovid Therapeutics Inc.,Health Care
OVLY,Oak Valley Bancorp (CA),Finance
OXBR,Oxbridge Re Holdings Limited,Finance
OXBRW,Oxbridge Re Holdings Limited,Finance
OXFD,Oxford Immunotec Global PLC,Health Care
OZK,Bank OZK,Finance
PACQ,Pure Acquisition Corp.,Finance
PACQU,Pure Acquisition Corp.,Finance
PACQW,Pure Acquisition Corp.,Finance
PACW,PacWest Bancorp,Finance
PAHC,Phibro Animal Health Corporation,Health Care
PANL,Pangaea Logistics Solutions Ltd.,Transportation
PATI,"Patriot Transportation Holding, Inc.",Transportation
PAVM,PAVmed Inc.,Health Care
PAVMW,PAVmed Inc.,Health Care
PAVMZ,PAVmed Inc.,Health Care
PBBI,"PB Bancorp, Inc.",Finance
PBCT,"People&#39;s United Financial, Inc.",Finance
PBCTP,"People&#39;s United Financial, Inc.",Finance
PBHC,"Pathfinder Bancorp, Inc.",Finance
PBIP,"Prudential Bancorp, Inc.",Finance
PBSK,"Poage Bankshares, Inc.",Finance
PBYI,Puma Biotechnology Inc,Health Care
PCRX,"Pacira Pharmaceuticals, Inc.",Health Care
PCSB,PCSB Financial Corporation,Finance
PDCE,"PDC Energy, Inc.",Energy
PDCO,"Patterson Companies, Inc.",Health Care
PDEX,"Pro-Dex, Inc.",Health Care
PDLB,PDL Community Bancorp,Finance
PDLI,"PDL BioPharma, Inc.",Health Care
PEBK,"Peoples Bancorp of North Carolina, Inc.",Finance
PEBO,Peoples Bancorp Inc.,Finance
PETQ,"PetIQ, Inc.",Health Care
PETS,"PetMed Express, Inc.",Health Care
PETX,"Aratana Therapeutics, Inc.",Health Care
PFBI,"Premier Financial Bancorp, Inc.",Finance
PFG,Principal Financial Group Inc,Finance
PFIE,"Profire Energy, Inc.",Energy
PFIS,Peoples Financial Services Corp. ,Finance
PGC,Peapack-Gladstone Financial Corporation,Finance
PGNX,Progenics Pharmaceuticals Inc.,Health Care
PHII,"PHI, Inc.",Transportation
PHIIK,"PHI, Inc.",Transportation
PICO,PICO Holdings Inc.,Finance
PIH,"1347 Property Insurance Holdings, Inc.",Finance
PIHPP,"1347 Property Insurance Holdings, Inc.",Finance
PIRS,"Pieris Pharmaceuticals, Inc.",Health Care
PKBK,"Parke Bancorp, Inc.",Finance
PLBC,Plumas Bancorp,Finance
PLSE,"Pulse Biosciences, Inc",Health Care
PLUG,"Plug Power, Inc.",Energy
PLXP,PLx Pharma Inc.,Health Care
PMBC,Pacific Mercantile Bancorp,Finance
PMD,Psychemedics Corporation,Health Care
PMTS,CPI Card Group Inc.,Finance
PNBK,Patriot National Bancorp Inc.,Finance
PNFP,"Pinnacle Financial Partners, Inc.",Finance
PNRG,PrimeEnergy Corporation,Energy
PODD,Insulet Corporation,Health Care
PPBI,Pacific Premier Bancorp Inc,Finance
PRAA,"PRA Group, Inc.",Finance
PRAH,"PRA Health Sciences, Inc.",Health Care
PRAN,Prana Biotechnology Ltd,Health Care
PROV,"Provident Financial Holdings, Inc.",Finance
PRPH,"ProPhase Labs, Inc.",Health Care
PRQR,ProQR Therapeutics N.V.,Health Care
PRTA,Prothena Corporation plc,Health Care
PRTH,"Priority Technology Holdings, Inc.",Finance
PRTHU,"Priority Technology Holdings, Inc.",Finance
PRTHW,"Priority Technology Holdings, Inc.",Finance
PRTK,"Paratek Pharmaceuticals, Inc. ",Health Care
PRTO,"Proteon Therapeutics, Inc.",Health Care
PRVB,"Provention Bio, Inc.",Health Care
PSTI,"Pluristem Therapeutics, Inc.",Health Care
PTCT,"PTC Therapeutics, Inc.",Health Care
PTEN,"Patterson-UTI Energy, Inc.",Energy
PTGX,"Protagonist Therapeutics, Inc.",Health Care
PTI,"Proteostasis Therapeutics, Inc.",Health Care
PTIE,"Pain Therapeutics, Inc.",Health Care
PTLA,"Portola Pharmaceuticals, Inc.",Health Care
PTSI,"P.A.M. Transportation Services, Inc.",Transportation
PTVCA,Protective Insurance Corporation,Finance
PTVCB,Protective Insurance Corporation,Finance
PTX,"Pernix Therapeutics Holdings, Inc.",Health Care
PUB,People&#39;s Utah Bancorp,Finance
PULM,"Pulmatrix, Inc.",Health Care
PVAC,Penn Virginia Corporation,Energy
PVBC,"Provident Bancorp, Inc.",Finance
PWOD,"Penns Woods Bancorp, Inc.",Finance
PXS,Pyxis Tankers Inc.,Transportation
PYDS,"Payment Data Systems, Inc.",Finance
QCRH,"QCR Holdings, Inc.",Finance
QDEL,Quidel Corporation,Health Care
QGEN,Qiagen N.V.,Health Care
QTNT,Quotient Limited,Health Care
QURE,uniQure N.V.,Health Care
RARE,Ultragenyx Pharmaceutical Inc.,Health Care
RARX,"Ra Pharmaceuticals, Inc.",Health Care
RBB,RBB Bancorp,Finance
RBCAA,"Republic Bancorp, Inc.",Finance
RBNC,"Reliant Bancorp, Inc.",Finance
RCKT,"Rocket Pharmaceuticals, Inc.",Health Care
RCON,"Recon Technology, Ltd.",Energy
RDFN,Redfin Corporation,Finance
RDHL,Redhill Biopharma Ltd.,Health Care
RDNT,"RadNet, Inc.",Health Care
RDUS,"Radius Health, Inc.",Health Care
REGN,"Regeneron Pharmaceuticals, Inc.",Health Care
RELV,"Reliv&#39; International, Inc.",Health Care
REPH,"Recro Pharma, Inc.",Health Care
REPL,"Replimune Group, Inc.",Health Care
RETA,"Reata Pharmaceuticals, Inc.",Health Care
RGEN,Repligen Corporation,Health Care
RGLS,Regulus Therapeutics Inc.,Health Care
RGNX,REGENXBIO Inc.,Health Care
RIGL,"Rigel Pharmaceuticals, Inc.",Health Care
RIOT,"Riot Blockchain, Inc",Health Care
RLM,Realm Therapeutics plc,Health Care
RMTI,"Rockwell Medical, Inc.",Health Care
RNDB,"Randolph Bancorp, Inc.",Finance
RNST,Renasant Corporation,Finance
ROSE,Rosehill Resources Inc.,Energy
ROSEU,Rosehill Resources Inc.,Energy
ROSEW,Rosehill Resources Inc.,Energy
RSLS,ReShape Lifesciences Inc.,Health Care
RTIX,"RTI Surgical, Inc.",Health Care
RTRX,"Retrophin, Inc.",Health Care
RTTR,"Ritter Pharmaceuticals, Inc.",Health Care
RUBY,"Rubius Therapeutics, Inc.",Health Care
RVNC,"Revance Therapeutics, Inc.",Health Care
RVSB,Riverview Bancorp Inc,Finance
RWLK,ReWalk Robotics Ltd,Health Care
RXII,RXi Pharmaceuticals Corporation,Health Care
RXIIW,RXi Pharmaceuticals Corporation,Health Care
RYAAY,Ryanair Holdings plc,Transportation
RYTM,"Rhythm Pharmaceuticals, Inc.",Health Care
SAEX,"SAExploration Holdings, Inc.",Energy
SAFT,"Safety Insurance Group, Inc.",Finance
SAGE,"Sage Therapeutics, Inc.",Health Care
SAIA,"Saia, Inc.",Transportation
SAL,"Salisbury Bancorp, Inc.",Finance
SAMG,Silvercrest Asset Management Group Inc.,Finance
SASR,"Sandy Spring Bancorp, Inc.",Finance
SAVE,"Spirit Airlines, Inc.",Transportation
SBBP,Strongbridge Biopharma plc,Health Care
SBBX,SB One Bancorp,Finance
SBCF,Seacoast Banking Corporation of Florida,Finance
SBFG,"SB Financial Group, Inc.",Finance
SBFGP,"SB Financial Group, Inc.",Finance
SBLK,Star Bulk Carriers Corp.,Transportation
SBLKZ,Star Bulk Carriers Corp.,Transportation
SBNY,Signature Bank,Finance
SBNYW,Signature Bank,Finance
SBOT,"Stellar Biotechnologies, Inc.",Health Care
SBPH,"Spring Bank Pharmaceuticals, Inc.",Health Care
SBSI,"Southside Bancshares, Inc.",Finance
SBT,"Sterling Bancorp, Inc.",Finance
SCAC,Saban Capital Acquisition Corp.,Finance
SCACU,Saban Capital Acquisition Corp.,Finance
SCACW,Saban Capital Acquisition Corp.,Finance
SCPH,scPharmaceuticals Inc.,Health Care
SCYX,"SCYNEXIS, Inc.",Health Care
SEIC,SEI Investments Company,Finance
SELB,"Selecta Biosciences, Inc.",Health Care
SESN,"Sesen Bio, Inc.",Health Care
SFBC,"Sound Financial Bancorp, Inc.",Finance
SFBS,"ServisFirst Bancshares, Inc.",Finance
SFNC,Simmons First National Corporation,Finance
SFST,"Southern First Bancshares, Inc.",Finance
SGEN,"Seattle Genetics, Inc.",Health Care
SGMO,"Sangamo Therapeutics, Inc.",Health Care
SGRY,"Surgery Partners, Inc.",Health Care
SGYP,"Synergy Pharmaceuticals, Inc.",Health Care
SHBI,Shore Bancshares Inc,Finance
SHIP,Seanergy Maritime Holdings Corp,Transportation
SHIPW,Seanergy Maritime Holdings Corp,Transportation
SHPG,Shire plc,Health Care
SIEB,Siebert Financial Corp.,Finance
SIEN,"Sientra, Inc.",Health Care
SIFI,"SI Financial Group, Inc.",Finance
SIGA,SIGA Technologies Inc.,Health Care
SIGI,"Selective Insurance Group, Inc.",Finance
SINO,"Sino-Global Shipping America, Ltd.",Transportation
SIVB,SVB Financial Group,Finance
SKYW,"SkyWest, Inc.",Transportation
SLCT,"Select Bancorp, Inc.",Finance
SLDB,Solid Biosciences Inc.,Health Care
SLGL,Sol-Gel Technologies Ltd.,Health Care
SLM,SLM Corporation,Finance
SLMBP,SLM Corporation,Finance
SLNO,"Soleno Therapeutics, Inc.",Health Care
SLNOW,"Soleno Therapeutics, Inc.",Health Care
SLS,"SELLAS Life Sciences Group, Inc. ",Health Care
SLVO,Credit Suisse AG,Finance
SMBC,"Southern Missouri Bancorp, Inc.",Finance
SMBK,"SmartFinancial, Inc.",Finance
SMMF,"Summit Financial Group, Inc.",Finance
SMMT,Summit Therapeutics plc,Health Care
SNDE,Sundance Energy Australia Limited,Energy
SNDX,"Syndax Pharmaceuticals, Inc.",Health Care
SNFCA,Security National Financial Corporation,Finance
SNGX,"Soligenix, Inc.",Health Care
SNGXW,"Soligenix, Inc.",Health Care
SNMX,"Senomyx, Inc.",Health Care
SNNA,"Sienna Biopharmaceuticals, Inc.",Health Care
SNOA,"Sonoma Pharmaceuticals, Inc.",Health Care
SNOAW,"Sonoma Pharmaceuticals, Inc.",Health Care
SNSS,"Sunesis Pharmaceuticals, Inc.",Health Care
SONA,"Southern National Bancorp of Virginia, Inc.",Finance
SPHS,"Sophiris Bio, Inc.",Health Care
SPNE,SeaSpine Holdings Corporation,Health Care
SPPI,"Spectrum Pharmaceuticals, Inc.",Health Care
SPRO,"Spero Therapeutics, Inc.",Health Care
SRCE,1st Source Corporation,Finance
SRDX,"Surmodics, Inc.",Health Care
SRNE,"Sorrento Therapeutics, Inc.",Health Care
SRPT,"Sarepta Therapeutics, Inc.",Health Care
SRRA,"Sierra Oncology, Inc.",Health Care
SRRK,Scholar Rock Holding Corporation,Health Care
SRTS,"Sensus Healthcare, Inc.",Health Care
SRTSW,"Sensus Healthcare, Inc.",Health Care
SSB,South State Corporation,Finance
SSFN,Stewardship Financial Corp,Finance
SSKN,"Strata Skin Sciences, Inc.",Health Care
SSLJ,SSLJ.com Limited,Finance
STAA,STAAR Surgical Company,Health Care
STBA,"S&T Bancorp, Inc.",Finance
STBZ,State Bank Financial Corporation.,Finance
STDY,SteadyMed Ltd.,Health Care
STFC,State Auto Financial Corporation,Finance
STIM,"Neuronetics, Inc.",Health Care
STML,"Stemline Therapeutics, Inc.",Health Care
STND,Standard AVB Financial Corp.,Finance
STNL,Sentinel Energy Services Inc.,Finance
STNLU,Sentinel Energy Services Inc.,Finance
STNLW,Sentinel Energy Services Inc.,Finance
STPP,Barclays PLC,Finance
STXB,"Spirit of Texas Bancshares, Inc.",Finance
SUPN,"Supernus Pharmaceuticals, Inc.",Health Care
SURF,"Surface Oncology, Inc.",Health Care
SVA,"Sinovac Biotech, Ltd.",Health Care
SVBI,Severn Bancorp Inc,Finance
SVRA,"Savara, Inc.",Health Care
SYBT,"Stock Yards Bancorp, Inc.",Finance
SYNH,"Syneos Health, Inc.",Health Care
SYRS,"Syros Pharmaceuticals, Inc.",Health Care
TAPR,Barclays PLC,Finance
TBBK,"The Bancorp, Inc.",Finance
TBIO,"Translate Bio, Inc.",Health Care
TBK,"Triumph Bancorp, Inc.",Finance
TBNK,Territorial Bancorp Inc.,Finance
TBPH,"Theravance Biopharma, Inc.",Health Care
TBRG,"Thunder Bridge Acquisition, Ltd.",Finance
TBRGU,"Thunder Bridge Acquisition, Ltd.",Finance
TBRGW,"Thunder Bridge Acquisition, Ltd.",Finance
TCBI,"Texas Capital Bancshares, Inc.",Finance
TCBIL,"Texas Capital Bancshares, Inc.",Finance
TCBIP,"Texas Capital Bancshares, Inc.",Finance
TCBIW,"Texas Capital Bancshares, Inc.",Finance
TCBK,TriCo Bancshares,Finance
TCDA,"Tricida, Inc.",Health Care
TCFC,The Community Financial Corporation,Finance
TCGP,The Carlyle Group L.P.,Finance
TCMD,"Tactile Systems Technology, Inc.",Health Care
TCON,"TRACON Pharmaceuticals, Inc.",Health Care
TDAC,Trident Acquisitions Corp.,Finance
TDACU,Trident Acquisitions Corp.,Finance
TDACW,Trident Acquisitions Corp.,Finance
TECH,Bio-Techne Corp,Health Care
TELL,Tellurian Inc.,Energy
TENX,"Tenax Therapeutics, Inc.",Health Care
TFSL,TFS Financial Corporation,Finance
TGA,TransGlobe Energy Corporation,Energy
TGTX,"TG Therapeutics, Inc.",Health Care
THFF,First Financial Corporation Indiana,Finance
TIBR,Tiberius Acquisition Corporation,Finance
TIBRU,Tiberius Acquisition Corporation,Finance
TIBRW,Tiberius Acquisition Corporation,Finance
TIPT,Tiptree Inc.,Finance
TLGT,"Teligent, Inc.",Health Care
TMCX,Trinity Merger Corp.,Finance
TMCXU,Trinity Merger Corp.,Finance
TMCXW,Trinity Merger Corp.,Finance
TMDI,Titan Medical Inc.,Health Care
TMSR,TMSR Holding Company Limited,Finance
TNDM,"Tandem Diabetes Care, Inc.",Health Care
TNXP,Tonix Pharmaceuticals Holding Corp.,Health Care
TOCA,Tocagen Inc.,Health Care
TOPS,TOP Ships Inc.,Transportation
TORC,"resTORbio, Inc.",Health Care
TOTAU,Tottenham Acquisition I Limited,Finance
TPIC,"TPI Composites, Inc.",Energy
TPIV,TapImmune Inc.,Health Care
TRCB,Two River Bancorp,Finance
TRCH,"Torchlight Energy Resources, Inc.",Energy
TREE,"LendingTree, Inc.",Finance
TRIB,Trinity Biotech plc,Health Care
TRIL,Trillium Therapeutics Inc.,Health Care
TRMD,TORM plc,Transportation
TRMK,Trustmark Corporation,Finance
TROV,"TrovaGene, Inc.",Health Care
TROW,"T. Rowe Price Group, Inc.",Finance
TRPX,Therapix Biosciences Ltd.,Health Care
TRST,TrustCo Bank Corp NY,Finance
TRUP,"Trupanion, Inc.",Health Care
TRVN,"Trevena, Inc.",Health Care
TSBK,"Timberland Bancorp, Inc.",Finance
TSC,"TriState Capital Holdings, Inc.",Finance
TSCAP,"TriState Capital Holdings, Inc.",Finance
TSRO,"TESARO, Inc.",Health Care
TTNP,"Titan Pharmaceuticals, Inc.",Health Care
TTOO,"T2 Biosystems, Inc.",Health Care
TTPH,"Tetraphase Pharmaceuticals, Inc.",Health Care
TURN,180 Degree Capital Corp.,Finance
TUSK,"Mammoth Energy Services, Inc.",Energy
TVIX,Credit Suisse AG,Finance
TVIZ,Credit Suisse AG,Finance
TVTY,"Tivity Health, Inc.",Health Care
TWLV,Twelve Seas Investment Company,Finance
TWLVR,Twelve Seas Investment Company,Finance
TWLVU,Twelve Seas Investment Company,Finance
TWLVW,Twelve Seas Investment Company,Finance
TXMD,"TherapeuticsMD, Inc.",Health Care
TYME,"Tyme Technologies, Inc.",Health Care
UBCP,"United Bancorp, Inc.",Finance
UBFO,United Security Bancshares,Finance
UBNK,"United Financial Bancorp, Inc. ",Finance
UBOH,"United Bancshares, Inc.",Finance
UBSH,Union Bankshares Corporation,Finance
UBSI,"United Bankshares, Inc.",Finance
UBX,"Unity Biotechnology, Inc.",Health Care
UCBA,United Community Bancorp,Finance
UCBI,"United Community Banks, Inc.",Finance
UCFC,United Community Financial Corp.,Finance
UEPS,"Net 1 UEPS Technologies, Inc.",Finance
UFCS,"United Fire Group, Inc",Finance
UGLD,Credit Suisse AG,Finance
UIHC,United Insurance Holdings Corp.,Finance
ULH,"Universal Logistics Holdings, Inc.",Transportation
UMBF,UMB Financial Corporation,Finance
UMPQ,Umpqua Holdings Corporation,Finance
UMRX,Unum Therapeutics Inc.,Health Care
UNAM,Unico American Corporation,Finance
UNB,"Union Bankshares, Inc.",Finance
UNTY,"Unity Bancorp, Inc.",Finance
UPL,Ultra Petroleum Corp.,Energy
URGN,UroGen Pharma Ltd.,Health Care
USAK,"USA Truck, Inc.",Transportation
USEG,U.S. Energy Corp.,Energy
USLV,Credit Suisse AG,Finance
USOI,Credit Suisse AG,Finance
UTHR,United Therapeutics Corporation,Health Care
UTMD,"Utah Medical Products, Inc.",Health Care
UVSP,Univest Corporation of Pennsylvania,Finance
VALU,"Value Line, Inc.",Finance
VBFC,Village Bank and Trust Financial Corp.,Finance
VBIV,"VBI Vaccines, Inc.",Health Care
VBLT,Vascular Biogenics Ltd.,Health Care
VBTX,"Veritex Holdings, Inc.",Finance
VCEL,Vericel Corporation,Health Care
VCTR,"Victory Capital Holdings, Inc.",Finance
VCYT,"Veracyte, Inc.",Health Care
VEAC,Vantage Energy Acquisition Corp.,Finance
VEACU,Vantage Energy Acquisition Corp.,Finance
VEACW,Vantage Energy Acquisition Corp.,Finance
VICL,Vical Incorporated,Health Care
VIIX,Credit Suisse AG,Finance
VIIZ,Credit Suisse AG,Finance
VIRT,"Virtu Financial, Inc.",Finance
VIVE,"Viveve Medical, Inc.",Health Care
VIVO,Meridian Bioscience Inc.,Health Care
VKTX,"Viking Therapeutics, Inc.",Health Care
VKTXW,"Viking Therapeutics, Inc.",Health Care
VLRX,"Valeritas Holdings, Inc.",Health Care
VNDA,Vanda Pharmaceuticals Inc.,Health Care
VNOM,Viper Energy Partners LP,Energy
VRAY,"ViewRay, Inc.",Health Care
VRCA,Verrica Pharmaceuticals Inc.,Health Care
VRML,"Vermillion, Inc.",Health Care
VRNA,Verona Pharma plc,Health Care
VRTS,"Virtus Investment Partners, Inc.",Finance
VRTSP,"Virtus Investment Partners, Inc.",Finance
VRTX,Vertex Pharmaceuticals Incorporated,Health Care
VSAR,"Versartis, Inc.",Health Care
VSTM,"Verastem, Inc.",Health Care
VTGN,"VistaGen Therapeutics, Inc.",Health Care
VTIQ,VectoIQ Acquisition Corp.,Finance
VTIQU,VectoIQ Acquisition Corp.,Finance
VTIQW,VectoIQ Acquisition Corp.,Finance
VTL,"Vital Therapies, Inc.",Health Care
VTNR,"Vertex Energy, Inc",Energy
VTVT,vTv Therapeutics Inc.,Health Care
VVUS,"VIVUS, Inc.",Health Care
VXRT,"Vaxart, Inc.",Health Care
VYGR,"Voyager Therapeutics, Inc.",Health Care
WABC,Westamerica Bancorporation,Finance
WAFD,"Washington Federal, Inc.",Finance
WAFDW,"Washington Federal, Inc.",Finance
WASH,"Washington Trust Bancorp, Inc.",Finance
WBA,"Walgreens Boots Alliance, Inc.",Health Care
WCFB,"WCF Bancorp, Inc.",Finance
WEBK,"Wellesley Bancorp, Inc.",Finance
WERN,"Werner Enterprises, Inc.",Transportation
WETF,"WisdomTree Investments, Inc.",Finance
WINS,Wins Finance Holdings Inc.,Finance
WLTW,Willis Towers Watson Public Limited Company,Finance
WMGI,Wright Medical Group N.V.,Health Care
WMGIZ,Wright Medical Group N.V.,Health Care
WMIH,WMIH Corp.,Finance
WNEB,"Western New England Bancorp, Inc.",Finance
WPRT,Westport Fuel Systems Inc,Energy
WRLD,World Acceptance Corporation,Finance
WRLS,Pensare Acquisition Corp.,Finance
WRLSR,Pensare Acquisition Corp.,Finance
WRLSU,Pensare Acquisition Corp.,Finance
WRLSW,Pensare Acquisition Corp.,Finance
WSBC,"WesBanco, Inc.",Finance
WSBF,"Waterstone Financial, Inc.",Finance
WSFS,WSFS Financial Corporation,Finance
WTBA,West Bancorporation,Finance
WTFC,Wintrust Financial Corporation,Finance
WTFCM,Wintrust Financial Corporation,Finance
WTFCW,Wintrust Financial Corporation,Finance
WVE,WAVE Life Sciences Ltd.,Health Care
WVFC,WVS Financial Corp.,Finance
WWD,"Woodward, Inc.",Energy
XBIO,"Xenetic Biosciences, Inc.",Health Care
XBIT,XBiotech Inc.,Health Care
XENE,Xenon Pharmaceuticals Inc.,Health Care
XENT,"Intersect ENT, Inc.",Health Care
XERS,"Xeris Pharmaceuticals, Inc.",Health Care
XLRN,Acceleron Pharma Inc.,Health Care
XNCR,"Xencor, Inc.",Health Care
XOG,"Extraction Oil & Gas, Inc.",Energy
XOMA,XOMA Corporation,Health Care
XRAY,DENTSPLY SIRONA Inc.,Health Care
XTLB,XTL Biopharmaceuticals Ltd.,Health Care
YIN,Yintech Investment Holdings Limited,Finance
YRCW,"YRC Worldwide, Inc.",Transportation
YRIV,Yangtze River Port and Logistics Limited ,Finance
ZEAL,Zealand Pharma A/S,Health Care
ZFGN,"Zafgen, Inc.",Health Care
ZGNX,"Zogenix, Inc.",Health Care
ZION,Zions Bancorporation,Finance
ZIONW,Zions Bancorporation,Finance
ZIONZ,Zions Bancorporation,Finance
ZIOP,ZIOPHARM Oncology Inc,Health Care
ZIV,Credit Suisse AG,Finance
ZLAB,Zai Lab Limited,Health Care
ZN,Zion Oil & Gas Inc,Energy
ZNWAA,Zion Oil & Gas Inc,Energy
ZSAN,Zosano Pharma Corporation,Health Care
ZYNE,"Zynerba Pharmaceuticals, Inc.",Health Care
